{
  "hash": "cd604d44",
  "configHash": "700e6d1b",
  "lockfileHash": "96da1d72",
  "browserHash": "c4b155fa",
  "optimized": {
    "@angular/common": {
      "src": "../../../../../node_modules/@angular/common/fesm2022/common.mjs",
      "file": "@angular_common.js",
      "fileHash": "638153c9",
      "needsInterop": false
    },
    "@angular/common/http": {
      "src": "../../../../../node_modules/@angular/common/fesm2022/http.mjs",
      "file": "@angular_common_http.js",
      "fileHash": "e44d3121",
      "needsInterop": false
    },
    "@angular/core": {
      "src": "../../../../../node_modules/@angular/core/fesm2022/core.mjs",
      "file": "@angular_core.js",
      "fileHash": "26ed82d7",
      "needsInterop": false
    },
    "@angular/forms": {
      "src": "../../../../../node_modules/@angular/forms/fesm2022/forms.mjs",
      "file": "@angular_forms.js",
      "fileHash": "efd8ecfe",
      "needsInterop": false
    },
    "@angular/platform-browser": {
      "src": "../../../../../node_modules/@angular/platform-browser/fesm2022/platform-browser.mjs",
      "file": "@angular_platform-browser.js",
      "fileHash": "07b4aebe",
      "needsInterop": false
    },
    "@angular/router": {
      "src": "../../../../../node_modules/@angular/router/fesm2022/router.mjs",
      "file": "@angular_router.js",
      "fileHash": "9274129f",
      "needsInterop": false
    },
    "ngx-bootstrap/modal": {
      "src": "../../../../../node_modules/ngx-bootstrap/modal/fesm2022/ngx-bootstrap-modal.mjs",
      "file": "ngx-bootstrap_modal.js",
      "fileHash": "38b1afbd",
      "needsInterop": false
    },
    "rxjs": {
      "src": "../../../../../node_modules/rxjs/dist/esm5/index.js",
      "file": "rxjs.js",
      "fileHash": "c06311e0",
      "needsInterop": false
    }
  },
  "chunks": {
    "chunk-E6HW2VEM": {
      "file": "chunk-E6HW2VEM.js"
    },
    "chunk-AD4UKD72": {
      "file": "chunk-AD4UKD72.js"
    },
    "chunk-EWIAWT2I": {
      "file": "chunk-EWIAWT2I.js"
    },
    "chunk-KM33SJBQ": {
      "file": "chunk-KM33SJBQ.js"
    },
    "chunk-SXIXOCJ4": {
      "file": "chunk-SXIXOCJ4.js"
    }
  }
}